<?xml version="1.0" encoding="utf-8" standalone="no"?>
<manifest identifier="u.Learnery.PERFORMANCETASK.aef01ba1-d8b4-4954-a464-bd2e61f560dd" version="1" xmlns:adlcp="http://www.adlnet.org/xsd/adlcp_rootv1p2" xmlns="http://www.imsproject.org/xsd/imscp_rootv1p1p2" xmlns:xsi="http://www.w3.org/2001/XMLSchema-instance" xsi:schemaLocation="http://www.imsproject.org/xsd/imscp_rootv1p1p2 imscp_rootv1p1p2.xsd http://www.imsglobal.org/xsd/imsmd_rootv1p2p1 imsmd_rootv1p2p1.xsd http://www.adlnet.org/xsd/adlcp_rootv1p2 adlcp_rootv1p2.xsd">
  <metadata>
    <schema>ADL SCORM</schema>
    <schemaversion>1.2</schemaversion>
    <adlcp:location>metadata.xml</adlcp:location>
  </metadata>
  <organizations default="Learnery">
    <organization identifier="Learnery">
      <title>PERFORMANCE_TASK</title>
      <item identifier="item_u.Learnery.PERFORMANCETASK.aef01ba1-d8b4-4954-a464-bd2e61f560dd" identifierref="resource_u.Learnery.PERFORMANCETASK.aef01ba1-d8b4-4954-a464-bd2e61f560dd">
        <title>PERFORMANCE_TASK</title>
        <adlcp:masteryscore>80</adlcp:masteryscore>
        <metadata>
          <schema>ADL SCORM</schema>
          <schemaversion>1.2</schemaversion>
          <adlcp:location>metadata.xml</adlcp:location>
        </metadata>
      </item>
      <metadata>
        <schema>ADL SCORM</schema>
        <schemaversion>1.2</schemaversion>
        <adlcp:location>metadata.xml</adlcp:location>
      </metadata>
    </organization>
  </organizations>
  <resources>
    <metadata>
      <schema>ADL SCORM</schema>
      <schemaversion>1.2</schemaversion>
      <adlcp:location>metadata.xml</adlcp:location>
    </metadata>
    <resource identifier="resource_u.Learnery.PERFORMANCETASK.aef01ba1-d8b4-4954-a464-bd2e61f560dd" type="webcontent" href="index.html" adlcp:scormtype="sco">
      <metadata>
        <schema>ADL SCORM</schema>
        <schemaversion>1.2</schemaversion>
        <adlcp:location>metadata.xml</adlcp:location>
      </metadata>
      <file href="index.html"/>
    </resource>
  </resources>
</manifest>